code,name,open,close,high,low,pe_ratio,turnover_rate,volume,turnover,change_rate,last_close,signals,sar,trend,short_sma,long_sma,delta
HK.01810,XIAOMI-W,45.15,44.75,45.2,44.5,0.0,0.0,24888600,1113808355.0,-0.8859357696566967,45.15,0,45.92366252992814,-1.0,45.292857142857144,46.48571428571428,-1.192857142857136
HK.01810,XIAOMI-W,44.75,45.95,46.2,44.65,0.0,0.0,40025200,1821060660.0,2.681564245810062,44.75,0,45.71129627693532,-1.0,45.207142857142856,46.38928571428571,-1.182142857142857
HK.01810,XIAOMI-W,45.9,46.3,46.6,45.9,0.0,0.0,49189400,2274151115.0,0.7616974972796394,45.95,0,46.2,-1.0,45.221428571428575,46.29285714285714,-1.0714285714285623
HK.01810,XIAOMI-W,46.3,46.0,46.35,45.6,0.0,0.0,23883400,1097831842.6,-0.6479481641468622,46.3,0,46.6,-1.0,45.232142857142854,46.18214285714286,-0.9500000000000028
HK.01810,XIAOMI-W,46.0,46.0,46.2,45.85,0.0,0.0,21092200,971194547.0,0.0,46.0,0,46.6,-1.0,45.28214285714286,46.05357142857143,-0.7714285714285722
HK.01810,XIAOMI-W,46.0,45.9,46.0,45.75,0.0,0.0,34615200,1588011787.2,-0.21739130434782916,46.0,0,46.35,-1.0,45.332142857142856,45.93035714285714,-0.5982142857142847
HK.01810,XIAOMI-W,40.2,42.35,43.25,40.2,0.0,0.0,226283200,9440560938.8,-7.734204793028317,45.9,0,46.2,-1.0,45.135714285714286,45.74464285714286,-0.6089285714285708
HK.01810,XIAOMI-W,42.35,41.85,42.45,41.4,0.0,0.0,75208000,3142567855.4,-1.1806375442739079,42.35,0,46.0,-1.0,44.92857142857143,45.551785714285714,-0.6232142857142833
HK.01810,XIAOMI-W,41.85,41.05,41.9,41.05,0.0,0.0,43876400,1815803137.6,-1.911589008363212,41.85,0,45.42,-1.0,44.67857142857143,45.35,-0.6714285714285708
HK.01810,XIAOMI-W,41.1,40.05,41.4,40.05,0.0,0.0,61153600,2485296772.2,-2.43605359317905,41.05,0,44.898,-1.0,44.357142857142854,45.1,-0.7428571428571473
HK.01810,XIAOMI-W,40.1,38.9,40.35,38.9,0.0,0.0,75775200,3008705568.0,-2.8714107365792727,40.05,0,44.428200000000004,-1.0,43.86428571428571,44.81785714285714,-0.9535714285714363
HK.01810,XIAOMI-W,38.9,38.95,39.85,38.6,0.0,0.0,96715400,3783429200.4,0.1285347043701909,38.9,0,43.995380000000004,-1.0,43.43214285714286,44.54821428571429,-1.1160714285714306
HK.01810,XIAOMI-W,38.95,37.65,39.0,37.55,0.0,0.0,94381600,3594032758.6,-3.337612323491667,38.95,0,43.485842000000005,-1.0,42.917857142857144,44.24821428571429,-1.330357142857146
HK.01810,XIAOMI-W,37.65,37.95,38.35,36.85,0.0,0.0,95482200,3584283239.6,0.7968127490039955,37.65,0,43.0272578,-1.0,42.403571428571425,43.92321428571428,-1.5196428571428555
HK.01810,XIAOMI-W,37.95,37.8,38.8,37.65,0.0,0.0,79235000,3026887654.2,-0.3952569169960624,37.95,0,42.48953202,-1.0,41.90714285714285,43.6,-1.6928571428571502
HK.01810,XIAOMI-W,37.8,37.0,37.9,36.95,0.0,0.0,58251800,2179469592.0,-2.116402116402109,37.8,0,42.005578818,-1.0,41.267857142857146,43.2375,-1.9696428571428513
HK.01810,XIAOMI-W,37.0,36.45,37.05,36.05,0.0,0.0,128607400,4692502159.4,-1.4864864864864789,37.0,0,41.570020936199995,-1.0,40.56428571428571,42.892857142857146,-2.3285714285714363
HK.01810,XIAOMI-W,38.55,39.05,39.4,37.55,0.0,0.0,231730400,8929627306.2,7.13305898491082,36.45,0,41.11301884258,-1.0,40.067857142857136,42.65,-2.5821428571428626
HK.01810,XIAOMI-W,39.1,39.15,39.85,38.85,0.0,0.0,88857000,3498241060.8,0.25608194622279495,39.05,0,40.701716958321995,-1.0,39.57857142857142,42.43035714285714,-2.851785714285718
HK.01810,XIAOMI-W,39.15,38.5,39.55,38.4,0.0,0.0,54943200,2142145004.2,-1.6602809706257948,39.15,0,40.3315452624898,-1.0,39.05,42.19107142857143,-3.1410714285714363
HK.01810,XIAOMI-W,38.45,38.9,39.05,38.05,0.0,0.0,39178000,1508623926.8,1.0389610389610353,38.5,0,39.998390736240815,-1.0,38.80357142857143,41.96964285714285,-3.1660714285714207
HK.01810,XIAOMI-W,38.95,38.5,38.95,38.4,0.0,0.0,13297400,513447528.4,-1.028277634961436,38.9,0,39.69855166261674,-1.0,38.56428571428571,41.74642857142857,-3.182142857142857
HK.01810,XIAOMI-W,38.5,37.85,38.7,37.8,0.0,0.0,52913000,2021640593.4,-1.6883116883116847,38.5,0,39.428696496355066,-1.0,38.33571428571428,41.50714285714286,-3.171428571428578
HK.01810,XIAOMI-W,37.8,37.9,38.35,37.45,0.0,0.0,50767000,1919534287.6,0.13210039630118137,37.85,0,39.18582684671956,-1.0,38.182142857142864,41.269642857142856,-3.0874999999999915
HK.01810,XIAOMI-W,37.85,37.95,38.2,37.55,0.0,0.0,26893200,1018352039.0,0.1319261213720429,37.9,0,38.9672441620476,-1.0,38.114285714285714,40.989285714285714,-2.875
HK.01810,XIAOMI-W,37.95,38.7,38.8,37.8,0.0,0.0,32528600,1247627473.4,1.9762845849802368,37.95,0,38.77051974584284,-1.0,38.096428571428575,40.76428571428572,-2.6678571428571445
HK.01810,XIAOMI-W,38.65,39.0,39.4,38.55,0.0,0.0,52314600,2037621857.0,0.775193798449605,38.7,0,38.8,-1.0,38.19285714285714,40.55535714285714,-2.362499999999997
HK.01810,XIAOMI-W,39.0,38.9,39.2,38.65,0.0,0.0,63961800,2488983166.8,-0.25641025641026005,39.0,0,39.4,-1.0,38.260714285714286,40.33214285714286,-2.0714285714285765
HK.01810,XIAOMI-W,37.8,39.75,39.85,36.6,0.0,0.0,158562800,6101021044.4,2.185089974293063,38.9,0,39.4,-1.0,38.4,40.15357142857143,-1.7535714285714334
HK.01810,XIAOMI-W,39.7,40.45,41.75,39.7,0.0,0.0,132696800,5395742924.0,1.7610062893081833,39.75,0,39.85,-1.0,38.64642857142858,39.957142857142856,-1.3107142857142762
HK.01810,XIAOMI-W,40.45,40.55,40.85,40.15,0.0,0.0,44641000,1808006001.2,0.24721878862792165,40.45,0,41.75,-1.0,38.93928571428571,39.751785714285724,-0.8125000000000142
HK.01810,XIAOMI-W,40.6,40.25,40.95,39.85,0.0,0.0,48772200,1962934240.0,-0.7398273736128167,40.55,0,41.75,-1.0,39.025,39.54642857142858,-0.5214285714285793
HK.01810,XIAOMI-W,40.25,40.05,40.35,39.95,0.0,0.0,16228400,650668518.4,-0.49689440993789524,40.25,0,41.275,-1.0,39.089285714285715,39.33392857142858,-0.24464285714286405
HK.01810,XIAOMI-W,40.05,40.4,40.75,39.6,0.0,0.0,41877800,1683488914.0,0.8739076154806529,40.05,0,40.95,-1.0,39.225,39.137499999999996,0.08750000000000568
HK.01810,XIAOMI-W,40.4,41.1,41.35,40.3,0.0,0.0,51334800,2101706484.4,1.7326732673267398,40.4,0,40.75,-1.0,39.38214285714286,39.09285714285715,0.28928571428571104
HK.01810,XIAOMI-W,41.15,41.55,41.8,40.9,0.0,0.0,48328600,2002679171.4,1.0948905109488947,41.1,0,41.35,-1.0,39.6,39.082142857142856,0.5178571428571459
HK.01810,XIAOMI-W,41.6,41.25,41.95,41.2,0.0,0.0,33513000,1393565087.4,-0.7220216606498127,41.55,0,41.8,-1.0,39.84285714285714,39.089285714285715,0.7535714285714263
HK.01810,XIAOMI-W,41.25,42.0,42.0,41.1,0.0,0.0,42237000,1756674356.2,1.8181818181818181,41.25,0,41.95,-1.0,40.135714285714286,39.158928571428575,0.976785714285711
HK.01810,XIAOMI-W,41.95,41.9,42.4,41.85,0.0,0.0,60614600,2551626656.8,-0.2380952380952415,42.0,1,37.0,1.0,40.41785714285714,39.26607142857142,1.1517857142857153
HK.01810,XIAOMI-W,44.8,44.8,44.85,43.15,0.0,0.0,180401000,7953308605.8,6.921241050119328,41.9,0,37.2475,1.0,40.853571428571435,39.475,1.3785714285714334
HK.01810,XIAOMI-W,44.8,44.25,45.0,44.0,0.0,0.0,70908000,3158318689.2,-1.2276785714285652,44.8,0,38.00775,1.0,41.228571428571435,39.71071428571429,1.517857142857146
HK.01810,XIAOMI-W,44.2,43.55,44.35,43.5,0.0,0.0,49402800,2161815286.6,-1.5819209039548088,44.25,0,38.691975,1.0,41.560714285714276,39.910714285714285,1.6499999999999915
HK.01810,XIAOMI-W,43.55,43.25,43.9,43.05,0.0,0.0,30519400,1326429560.2,-0.6888633754305331,43.55,0,39.3077775,1.0,41.810714285714276,40.105357142857144,1.7053571428571317
HK.01810,XIAOMI-W,43.3,42.9,43.3,42.6,0.0,0.0,34597800,1485933343.8,-0.8092485549132981,43.25,0,39.86199975,1.0,41.98571428571428,40.316071428571426,1.669642857142854
HK.01810,XIAOMI-W,42.95,43.55,43.7,42.7,0.0,0.0,34313400,1484045590.6,1.5151515151515118,42.9,0,40.360799775000004,1.0,42.199999999999996,40.56964285714286,1.630357142857136
HK.01810,XIAOMI-W,43.5,43.5,43.95,43.35,0.0,0.0,17783400,775976849.4,-0.11481056257175008,43.55,0,40.8097197975,1.0,42.43214285714286,40.728571428571435,1.703571428571422
HK.01810,XIAOMI-W,43.45,43.5,43.8,43.4,0.0,0.0,14645000,638798358.0,0.0,43.5,0,41.213747817750004,1.0,42.67857142857143,40.88392857142857,1.7946428571428612
HK.01810,XIAOMI-W,43.5,43.2,43.65,43.0,0.0,0.0,17783600,769361636.0,-0.6896551724137866,43.5,0,41.577373035975,1.0,42.878571428571426,41.05178571428571,1.8267857142857196
HK.01810,XIAOMI-W,43.15,43.2,43.5,43.1,0.0,0.0,18699400,810141782.0,0.0,43.2,0,41.9046357323775,1.0,43.028571428571425,41.205357142857146,1.823214285714279
HK.01810,XIAOMI-W,43.2,43.05,43.2,42.8,0.0,0.0,48290200,2079565990.2,-0.34722222222223537,43.2,0,42.19917215913975,1.0,43.135714285714286,41.36785714285714,1.767857142857146
HK.01810,XIAOMI-W,42.75,43.4,43.85,42.15,0.0,0.0,64026200,2761369283.2,0.8130081300813042,43.05,0,42.464254943225775,1.0,43.28928571428572,41.566071428571426,1.7232142857142918
HK.01810,XIAOMI-W,43.4,43.0,43.45,42.4,0.0,0.0,30164400,1293227785.4,-0.9216589861751119,43.4,0,42.15,1.0,43.36071428571429,41.74821428571429,1.6124999999999972
HK.01810,XIAOMI-W,42.95,43.05,43.6,42.9,0.0,0.0,21138200,914799337.4,0.11627906976743524,43.0,0,42.15,1.0,43.44285714285714,41.93035714285714,1.5125000000000028
HK.01810,XIAOMI-W,43.0,43.3,43.35,42.95,0.0,0.0,8879800,383268349.0,0.5807200929152149,43.05,0,42.4,1.0,43.33571428571428,42.09464285714285,1.2410714285714306
HK.01810,XIAOMI-W,43.3,44.0,44.15,43.25,0.0,0.0,28596600,1251677163.6,1.6166281755196372,43.3,0,42.644999999999996,1.0,43.317857142857136,42.27321428571428,1.044642857142854
HK.01810,XIAOMI-W,44.0,44.85,45.0,43.95,0.0,0.0,49673000,2204867264.4,1.931818181818185,44.0,0,42.8655,1.0,43.410714285714285,42.48571428571428,0.9250000000000043
HK.01810,XIAOMI-W,44.85,44.95,45.45,44.55,0.0,0.0,53928000,2427312660.6,0.22296544035674787,44.85,0,43.06395,1.0,43.53214285714286,42.67142857142857,0.8607142857142875
HK.01810,XIAOMI-W,44.9,44.65,45.05,44.6,0.0,0.0,22609400,1013659267.2,-0.6674082313681963,44.95,0,43.242554999999996,1.0,43.65714285714286,42.82142857142857,0.835714285714289
HK.01810,XIAOMI-W,44.7,44.7,44.75,44.15,0.0,0.0,21915000,974691962.2,0.11198208286675086,44.65,0,43.4232995,1.0,43.739285714285714,42.96964285714285,0.7696428571428626
HK.01810,XIAOMI-W,44.7,44.65,44.95,44.5,0.0,0.0,16820600,752445325.8,-0.11185682326622878,44.7,0,43.58596955,1.0,43.82142857142857,43.12678571428571,0.6946428571428598
HK.01810,XIAOMI-W,44.65,44.25,44.8,44.25,0.0,0.0,38362600,1704775645.4,-0.8958566629339274,44.65,0,43.732372595,1.0,43.875,43.276785714285715,0.5982142857142847
HK.01810,XIAOMI-W,45.2,44.6,45.45,44.1,0.0,0.0,95686200,4291239793.2,0.7909604519774044,44.25,0,43.8641353355,1.0,43.97500000000001,43.426785714285714,0.5482142857142946
HK.01810,XIAOMI-W,44.6,44.35,45.1,44.2,0.0,0.0,34453800,1538283560.0,-0.5605381165919282,44.6,0,44.02272180195,1.0,44.05714285714286,43.54285714285714,0.5142857142857196
HK.01810,XIAOMI-W,44.35,44.5,44.6,44.2,0.0,0.0,27631200,1225253575.0,0.33821871476888066,44.35,0,44.1,1.0,44.160714285714285,43.64821428571428,0.5125000000000028
HK.01810,XIAOMI-W,44.45,44.0,44.65,43.85,0.0,0.0,32895400,1451299213.4,-1.1235955056179776,44.5,0,44.2,1.0,44.20357142857142,43.74642857142857,0.4571428571428555
HK.01810,XIAOMI-W,44.0,43.85,44.1,43.6,0.0,0.0,17169400,752172013.2,-0.34090909090908766,44.0,0,43.85,1.0,44.26428571428571,43.8125,0.45178571428571246
HK.01810,XIAOMI-W,43.85,42.7,44.0,42.4,0.0,0.0,74448200,3202647011.0,-2.622576966932722,43.85,0,43.6,1.0,44.239285714285714,43.841071428571425,0.39821428571428896
HK.01810,XIAOMI-W,42.65,43.15,43.25,42.25,0.0,0.0,44832000,1913735331.6,1.0538641686182568,42.7,0,42.4,1.0,44.228571428571435,43.78214285714285,0.4464285714285836
HK.01810,XIAOMI-W,43.1,42.95,43.25,42.8,0.0,0.0,21037800,904431185.0,-0.4634994206257143,43.15,0,42.25,1.0,44.15357142857143,43.73571428571428,0.4178571428571516
HK.01810,XIAOMI-W,42.95,42.85,43.1,42.7,0.0,0.0,18673200,800076885.0,-0.23282887077998002,42.95,0,42.25,1.0,44.01071428571429,43.71071428571429,0.30000000000000426
HK.01810,XIAOMI-W,42.85,42.9,43.0,42.75,0.0,0.0,14933200,640478388.0,0.11668611435238542,42.85,0,42.57,1.0,43.864285714285714,43.698214285714286,0.16607142857142776
HK.01810,XIAOMI-W,42.9,43.2,43.25,42.75,0.0,0.0,39741800,1708420867.0,0.6993006993007093,42.9,0,42.7,1.0,43.760714285714286,43.70892857142858,0.051785714285706774
HK.01810,XIAOMI-W,43.75,42.35,43.85,42.3,0.0,0.0,45661600,1963245125.6,-1.9675925925925957,43.2,0,42.75,1.0,43.59285714285714,43.66607142857142,-0.07321428571427901
HK.01810,XIAOMI-W,42.3,42.95,43.1,42.05,0.0,0.0,31212000,1323656101.0,1.4167650531286928,42.35,-1,45.45,-1.0,43.471428571428575,43.646428571428565,-0.17499999999999005
HK.01810,XIAOMI-W,42.9,42.8,42.95,42.5,0.0,0.0,10069200,429957780.6,-0.3492433061699783,42.95,0,45.292500000000004,-1.0,43.36785714285714,43.62142857142857,-0.25357142857142634
HK.01810,XIAOMI-W,42.8,42.6,42.95,42.4,0.0,0.0,8599600,366500380.8,-0.4672897196261583,42.8,0,45.142875000000004,-1.0,43.225,43.60000000000001,-0.3750000000000071
HK.01810,XIAOMI-W,42.6,42.75,42.8,42.45,0.0,0.0,4300800,183071177.8,0.3521126760563347,42.6,0,45.00073125,-1.0,43.11071428571429,43.58392857142858,-0.4732142857142918
HK.01810,XIAOMI-W,42.8,42.75,43.05,42.6,0.0,0.0,9109400,389886997.2,0.0,42.75,0,44.8656946875,-1.0,42.98571428571429,43.57321428571429,-0.5875000000000057
HK.01810,XIAOMI-W,42.7,42.6,42.9,42.6,0.0,0.0,6963200,297429192.8,-0.3508771929824528,42.75,0,44.737409953125,-1.0,42.88571428571429,43.544642857142854,-0.6589285714285609
HK.01810,XIAOMI-W,42.6,42.45,42.65,42.3,0.0,0.0,11990000,508598231.0,-0.3521126760563347,42.6,0,44.61553945546875,-1.0,42.785714285714285,43.525,-0.7392857142857139
HK.01810,XIAOMI-W,42.45,42.9,42.9,42.45,0.0,0.0,9749400,416212042.8,1.0600706713780816,42.45,0,44.49976248269531,-1.0,42.800000000000004,43.51964285714286,-0.7196428571428584
HK.01810,XIAOMI-W,42.85,43.0,43.05,42.75,0.0,0.0,9264200,397486710.2,0.23310023310023645,42.9,0,44.389774358560544,-1.0,42.78928571428572,43.50892857142858,-0.7196428571428584
HK.01810,XIAOMI-W,43.0,43.1,43.15,42.85,0.0,0.0,17546400,754936059.8,0.23255813953488702,43.0,0,44.285285640632516,-1.0,42.8,43.47678571428572,-0.676785714285721
HK.01810,XIAOMI-W,42.5,41.9,42.95,41.8,0.0,0.0,41910400,1770362509.6,-2.784222737819032,43.1,0,44.18602135860089,-1.0,42.732142857142854,43.371428571428574,-0.6392857142857196
HK.01810,XIAOMI-W,41.95,41.8,42.05,41.55,0.0,0.0,29682000,1240693991.8,-0.2386634844868769,41.9,0,44.09172029067084,-1.0,42.653571428571425,43.25892857142857,-0.6053571428571445
HK.01810,XIAOMI-W,41.75,41.3,41.9,41.1,0.0,0.0,34767200,1439249512.0,-1.1961722488038278,41.8,0,43.877548261603756,-1.0,42.517857142857146,43.13928571428572,-0.6214285714285737
HK.01810,XIAOMI-W,41.25,40.75,41.3,40.4,0.0,0.0,51513400,2102314507.0,-1.331719128329291,41.3,0,43.66479343544338,-1.0,42.403571428571425,42.99821428571429,-0.5946428571428655
HK.01810,XIAOMI-W,40.75,40.75,40.95,40.45,0.0,0.0,21053000,857252335.0,0.0,40.75,0,43.423314091899044,-1.0,42.24642857142857,42.85892857142857,-0.6125000000000043
HK.01810,XIAOMI-W,40.8,40.4,40.95,40.2,0.0,0.0,39235600,1592392295.0,-0.858895705521476,40.75,0,43.15598268270914,-1.0,42.074999999999996,42.72142857142857,-0.6464285714285722
HK.01810,XIAOMI-W,40.4,40.75,40.8,40.35,0.0,0.0,17590200,714191277.6,0.8663366336633699,40.4,0,42.91538441443822,-1.0,41.94285714285714,42.583928571428565,-0.6410714285714221
HK.01810,XIAOMI-W,40.75,40.55,40.85,40.45,0.0,0.0,19887400,807914145.4,-0.49079754601227693,40.75,0,42.6638459729944,-1.0,41.785714285714285,42.44821428571429,-0.6625000000000085
HK.01810,XIAOMI-W,40.6,41.05,41.35,40.5,0.0,0.0,19333400,790678570.0,1.2330456226880395,40.55,0,42.43746137569496,-1.0,41.66428571428571,42.325,-0.6607142857142918
HK.01810,XIAOMI-W,41.1,41.05,41.6,41.05,0.0,0.0,16022800,662518990.0,0.0,41.05,0,42.23371523812546,-1.0,41.55357142857143,42.21964285714286,-0.6660714285714278
HK.01810,XIAOMI-W,41.05,41.25,41.3,41.05,0.0,0.0,23473200,967301860.0,0.487210718635817,41.05,0,42.050343714312916,-1.0,41.46785714285715,42.12678571428571,-0.6589285714285609
HK.01810,XIAOMI-W,41.25,41.15,41.7,40.5,0.0,0.0,50143200,2062014593.8,-0.24242424242424584,41.25,0,41.88530934288163,-1.0,41.34285714285714,42.07142857142857,-0.7285714285714278
HK.01810,XIAOMI-W,41.15,41.35,41.5,41.15,0.0,0.0,16946200,700150090.0,0.4860267314702378,41.15,0,41.736778408593466,-1.0,41.225,42.00714285714286,-0.7821428571428584
HK.01810,XIAOMI-W,41.35,41.3,41.4,40.9,0.0,0.0,14375600,591396885.0,-0.12091898428054236,41.35,0,41.7,-1.0,41.096428571428575,41.948214285714286,-0.851785714285711
HK.01810,XIAOMI-W,41.3,42.0,42.15,41.3,0.0,0.0,22118400,923756750.0,1.6949152542372952,41.3,0,41.57,-1.0,41.10357142857142,41.91785714285714,-0.8142857142857167
HK.01810,XIAOMI-W,42.0,42.05,42.15,41.85,0.0,0.0,11487200,482433528.0,0.11904761904761227,42.0,0,42.15,-1.0,41.12142857142857,41.887499999999996,-0.7660714285714292
HK.01810,XIAOMI-W,42.05,41.5,42.25,41.25,0.0,0.0,21625800,901730303.8,-1.3079667063020148,42.05,1,40.4,1.0,41.135714285714286,41.82678571428571,-0.6910714285714263
HK.01810,XIAOMI-W,41.5,41.6,41.75,41.45,0.0,0.0,6877600,286192662.4,0.24096385542169016,41.5,0,40.4825,1.0,41.19642857142857,41.800000000000004,-0.6035714285714349
HK.01810,XIAOMI-W,41.6,41.6,41.85,41.5,0.0,0.0,6561000,273437202.2,0.0,41.6,0,40.560875,1.0,41.25714285714286,41.75178571428571,-0.49464285714284983
HK.01810,XIAOMI-W,41.6,41.75,41.85,41.45,0.0,0.0,8866800,369431729.8,0.36057692307691963,41.6,0,40.63533125,1.0,41.353571428571435,41.714285714285715,-0.36071428571428044
HK.01810,XIAOMI-W,41.75,41.8,41.9,41.7,0.0,0.0,7248800,303028261.6,0.11976047904190935,41.75,0,40.7060646875,1.0,41.42857142857143,41.685714285714276,-0.25714285714284557
HK.01810,XIAOMI-W,41.85,41.95,41.95,41.75,0.0,0.0,16717600,699769258.2,0.35885167464116197,41.8,0,40.773261453125,1.0,41.528571428571425,41.65714285714285,-0.12857142857142634
HK.01810,XIAOMI-W,42.45,43.25,44.0,42.2,0.0,0.0,85253200,3690751968.2,3.098927294398086,41.95,0,40.83709838046875,1.0,41.68571428571429,41.675,0.010714285714293226
HK.01810,XIAOMI-W,43.25,43.1,43.4,42.75,0.0,0.0,18820200,810700358.4,-0.34682080924855163,43.25,0,41.15338854242188,1.0,41.832142857142856,41.69285714285714,0.13928571428571246
HK.01810,XIAOMI-W,43.05,43.55,43.6,43.05,0.0,0.0,13710200,594051430.6,1.0440835266821247,43.1,0,41.43804968817969,1.0,41.99642857142857,41.732142857142854,0.26428571428571246
HK.01810,XIAOMI-W,43.55,43.45,43.85,43.4,0.0,0.0,17023600,743013196.4,-0.22962112514350017,43.55,0,41.69424471936172,1.0,42.160714285714285,41.75178571428571,0.4089285714285751
HK.01810,XIAOMI-W,43.45,43.7,43.75,43.4,0.0,0.0,7410000,323243382.0,0.5753739930955121,43.45,0,41.92482024742555,1.0,42.32857142857142,41.77678571428571,0.5517857142857139
HK.01810,XIAOMI-W,43.7,44.2,44.3,43.65,0.0,0.0,37360400,1645123750.64,1.1441647597254003,43.7,0,42.132338222682996,1.0,42.535714285714285,41.816071428571426,0.7196428571428584
HK.01810,XIAOMI-W,44.15,44.3,44.7,44.15,0.0,0.0,32092000,1425053825.6,0.22624434389138987,44.2,0,42.319104400414695,1.0,42.699999999999996,41.90178571428571,0.7982142857142875
HK.01810,XIAOMI-W,44.35,44.35,44.6,44.25,0.0,0.0,15018400,667328121.0,0.11286681715576585,44.3,0,42.557193960373226,1.0,42.864285714285714,41.99285714285714,0.8714285714285737
HK.01810,XIAOMI-W,44.35,44.2,44.4,44.05,0.0,0.0,14465800,640097986.0,-0.33821871476888066,44.35,0,42.771474564335904,1.0,43.057142857142864,42.096428571428575,0.960714285714289
HK.01810,XIAOMI-W,44.2,44.1,44.35,44.0,0.0,0.0,11241000,496686556.6,-0.2262443438914059,44.2,0,42.964327107902314,1.0,43.23571428571429,42.216071428571425,1.0196428571428626
HK.01810,XIAOMI-W,44.05,44.4,44.4,44.0,0.0,0.0,28316200,1253036424.8,0.680272108843531,44.1,0,43.137894397112085,1.0,43.43571428571429,42.346428571428575,1.0892857142857153
HK.01810,XIAOMI-W,46.75,46.15,46.75,45.7,0.0,0.0,95622600,4419576911.6,3.9414414414414414,44.4,0,43.294104957400876,1.0,43.75,42.551785714285714,1.1982142857142861
HK.01810,XIAOMI-W,46.2,46.65,46.7,46.05,0.0,0.0,40139800,1864088008.8,1.0834236186348862,46.15,0,43.63969446166079,1.0,44.096428571428575,42.762499999999996,1.3339285714285793
HK.01810,XIAOMI-W,46.6,47.15,47.2,46.45,0.0,0.0,39876000,1869488944.4,1.0718113612004287,46.65,0,43.95072501549471,1.0,44.46785714285714,42.998214285714276,1.4696428571428655
HK.01810,XIAOMI-W,47.2,47.05,47.65,46.95,0.0,0.0,47399600,2246017672.4,-0.21208907741251626,47.15,0,44.23065251394524,1.0,44.739285714285714,43.2125,1.5267857142857153
HK.01810,XIAOMI-W,47.1,47.25,47.5,47.05,0.0,0.0,11252800,532763459.0,0.42507970244421434,47.05,0,44.57258726255071,1.0,45.035714285714285,43.433928571428574,1.601785714285711
HK.01810,XIAOMI-W,47.3,47.9,47.9,47.1,0.0,0.0,29344600,1396161358.0,1.3756613756613727,47.25,0,44.88032853629564,1.0,45.346428571428575,43.67142857142857,1.6750000000000043
HK.01810,XIAOMI-W,47.9,47.75,47.95,47.5,0.0,0.0,27823600,1329347390.0,-0.3131524008350701,47.9,0,45.15729568266608,1.0,45.653571428571425,43.90714285714285,1.7464285714285737
HK.01810,XIAOMI-W,47.75,47.6,47.75,47.2,0.0,0.0,19270800,913032708.8,-0.31413612565444726,47.75,0,45.436566114399476,1.0,45.932142857142864,44.13035714285714,1.801785714285721
HK.01810,XIAOMI-W,47.6,47.65,47.7,47.45,0.0,0.0,11696000,556366300.0,0.10504201680671672,47.6,0,45.68790950295953,1.0,46.17857142857143,44.357142857142854,1.8214285714285765
HK.01810,XIAOMI-W,47.65,47.2,47.75,47.2,0.0,0.0,14507200,689369186.0,-0.944386149003139,47.65,0,45.914118552663574,1.0,46.38571428571429,44.542857142857144,1.8428571428571487
HK.01810,XIAOMI-W,47.25,47.45,47.5,47.2,0.0,0.0,27713400,1312317206.8,0.5296610169491525,47.2,0,46.11770669739722,1.0,46.607142857142854,44.73571428571429,1.8714285714285666
HK.01810,XIAOMI-W,48.0,48.25,48.7,47.4,0.0,0.0,64757200,3110243849.2,1.6859852476290773,47.45,0,46.3009360276575,1.0,46.896428571428565,44.97678571428572,1.919642857142847
HK.01810,XIAOMI-W,48.3,48.5,48.55,48.05,0.0,0.0,22917000,1106664601.8,0.5181347150259068,48.25,0,46.54084242489175,1.0,47.21071428571428,45.223214285714285,1.9874999999999972
HK.01810,XIAOMI-W,48.5,47.7,48.6,47.3,0.0,0.0,36372400,1741795983.8,-1.6494845360824684,48.5,0,46.75675818240258,1.0,47.44642857142857,45.44107142857143,2.005357142857136
HK.01810,XIAOMI-W,47.7,47.5,47.7,46.95,0.0,0.0,27670600,1307955548.6,-0.41928721174004785,47.7,0,46.95108236416232,1.0,47.542857142857144,45.64642857142858,1.8964285714285651
HK.01810,XIAOMI-W,47.5,47.45,47.55,47.25,0.0,0.0,6077600,287957728.8,-0.10526315789473085,47.5,0,46.95,1.0,47.60000000000001,45.848214285714285,1.7517857142857238
HK.01810,XIAOMI-W,47.4,47.8,47.8,47.2,0.0,0.0,11597600,551706494.4,0.7376185458377119,47.45,0,46.95,1.0,47.64642857142858,46.057142857142864,1.5892857142857153
HK.01810,XIAOMI-W,47.8,47.8,48.1,47.7,0.0,0.0,14133600,677160414.8,0.0,47.8,0,47.125,1.0,47.699999999999996,46.21964285714286,1.4803571428571374
HK.01810,XIAOMI-W,47.8,47.8,47.95,47.7,0.0,0.0,9443600,451371245.2,0.0,47.8,0,47.2,1.0,47.739285714285714,46.387499999999996,1.3517857142857181
HK.01810,XIAOMI-W,47.8,47.85,47.95,47.7,0.0,0.0,9140200,437454788.2,0.10460251046025996,47.8,0,47.35,1.0,47.73571428571428,46.54107142857142,1.1946428571428598
HK.01810,XIAOMI-W,47.9,47.9,48.1,47.85,0.0,0.0,11817600,566903070.2,0.10449320794147784,47.85,0,47.485,1.0,47.746428571428574,46.699999999999996,1.046428571428578
HK.01810,XIAOMI-W,47.95,48.2,48.2,47.8,0.0,0.0,23918800,1148684720.8,0.6263048016701551,47.9,0,47.6065,1.0,47.78928571428571,46.86071428571429,0.9285714285714235
HK.01810,XIAOMI-W,48.55,47.5,48.65,47.05,0.0,0.0,43632200,2082091385.0,-1.4522821576763543,48.2,0,47.715849999999996,1.0,47.778571428571425,46.978571428571435,0.79999999999999
HK.01810,XIAOMI-W,47.5,48.3,48.35,47.5,0.0,0.0,16869400,808763633.4,1.6842105263157836,47.5,0,47.05,1.0,47.857142857142854,47.121428571428574,0.7357142857142804
HK.01810,XIAOMI-W,48.3,48.2,48.5,48.05,0.0,0.0,14799600,714762236.4,-0.20703933747410835,48.3,0,47.05,1.0,47.910714285714285,47.25892857142857,0.6517857142857153
HK.01810,XIAOMI-W,48.2,48.35,48.6,48.2,0.0,0.0,12204600,590909954.8,0.3112033195020717,48.2,0,47.214999999999996,1.0,47.917857142857144,47.40714285714285,0.5107142857142932
HK.01810,XIAOMI-W,48.3,48.15,48.35,48.1,0.0,0.0,4995600,240909379.2,-0.41365046535677935,48.35,0,47.363499999999995,1.0,47.892857142857146,47.551785714285714,0.341071428571432
HK.01810,XIAOMI-W,48.15,48.05,48.4,48.05,0.0,0.0,9769600,470950787.2,-0.2076843198338555,48.15,0,47.49715,1.0,47.917857142857144,47.68214285714286,0.23571428571428754
HK.01810,XIAOMI-W,48.05,47.95,48.35,47.85,0.0,0.0,11680600,562169686.2,-0.20811654526533677,48.05,0,47.617435,1.0,47.949999999999996,47.746428571428574,0.20357142857142208
HK.01810,XIAOMI-W,47.95,47.95,48.05,47.6,0.0,0.0,12698400,607652114.8,0.0,47.95,0,47.7256915,1.0,47.98571428571428,47.792857142857144,0.19285714285713595
HK.01810,XIAOMI-W,47.95,47.95,48.05,47.8,0.0,0.0,5540200,265664985.2,0.0,47.95,0,47.6,1.0,47.996428571428574,47.82142857142857,0.17500000000000426
HK.01810,XIAOMI-W,47.95,47.7,48.15,47.7,0.0,0.0,9415000,451303449.4,-0.5213764337851928,47.95,0,47.6,1.0,47.989285714285714,47.84464285714285,0.14464285714286262
HK.01810,XIAOMI-W,47.75,47.7,47.8,47.4,0.0,0.0,24299200,1157562558.2,0.0,47.7,-1,48.7,-1.0,47.982142857142854,47.86071428571428,0.12142857142857366
HK.01810,XIAOMI-W,48.0,47.9,48.35,47.2,0.0,0.0,24161400,1156944105.2,0.4192872117400329,47.7,0,48.6525,-1.0,47.98571428571429,47.86071428571429,0.125
HK.01810,XIAOMI-W,47.9,47.9,48.15,47.65,0.0,0.0,7388800,354115048.4,0.0,47.9,0,48.607375000000005,-1.0,47.98571428571428,47.86607142857143,0.11964285714284983
HK.01810,XIAOMI-W,47.85,47.5,48.1,47.45,0.0,0.0,9052400,432544781.0,-0.8350730688935253,47.9,0,48.56450625000001,-1.0,47.93571428571429,47.8625,0.07321428571429323
HK.01810,XIAOMI-W,47.45,47.65,47.75,47.35,0.0,0.0,7900000,375640706.0,0.3157894736842075,47.5,0,48.52378093750001,-1.0,47.94642857142857,47.862500000000004,0.08392857142856514
HK.01810,XIAOMI-W,47.7,48.05,48.1,47.65,0.0,0.0,6054200,290096916.4,0.8394543546694619,47.65,0,48.41640284375001,-1.0,47.92857142857143,47.892857142857146,0.0357142857142847
HK.01810,XIAOMI-W,48.05,48.05,48.15,47.85,0.0,0.0,4943400,237258014.0,0.0,48.05,0,48.31976255937501,-1.0,47.917857142857144,47.91428571428571,0.0035714285714334437
HK.01810,XIAOMI-W,48.05,47.95,48.1,47.8,0.0,0.0,4008600,192328067.0,-0.20811654526533677,48.05,0,48.23278630343751,-1.0,47.88928571428572,47.903571428571425,-0.014285714285705353
HK.01810,XIAOMI-W,47.95,47.85,48.0,47.75,0.0,0.0,3443400,164777774.6,-0.20855057351408013,47.95,0,48.154507673093754,-1.0,47.86785714285715,47.88035714285714,-0.012499999999995737
HK.01810,XIAOMI-W,47.85,47.85,47.9,47.7,0.0,0.0,4813600,230107508.6,0.0,47.85,0,48.1,-1.0,47.85357142857142,47.885714285714286,-0.032142857142865466
HK.01810,XIAOMI-W,47.85,47.6,47.9,47.5,0.0,0.0,6984000,332950330.0,-0.522466039707419,47.85,0,48.035000000000004,-1.0,47.82857142857143,47.88928571428571,-0.06071428571428328
HK.01810,XIAOMI-W,47.65,47.5,47.65,47.45,0.0,0.0,11833800,562420872.4,-0.21008403361344835,47.6,0,47.9765,-1.0,47.79642857142857,47.89107142857142,-0.09464285714285126
HK.01810,XIAOMI-W,47.95,47.4,47.95,47.0,0.0,0.0,25102800,1189043925.2,-0.21052631578947667,47.5,1,47.45,1.0,47.75714285714286,47.87678571428571,-0.11964285714284983
HK.01810,XIAOMI-W,47.45,47.4,47.75,47.35,0.0,0.0,13636800,648317236.0,0.0,47.4,0,47.0,1.0,47.73571428571428,47.862500000000004,-0.12678571428572383
HK.01810,XIAOMI-W,47.45,47.35,47.5,47.35,0.0,0.0,5457200,258802176.4,-0.10548523206750456,47.4,0,47.0,1.0,47.71071428571428,47.846428571428575,-0.13571428571429323
HK.01810,XIAOMI-W,47.35,47.3,47.6,47.25,0.0,0.0,7323200,347170779.8,-0.10559662090813993,47.35,0,47.0475,1.0,47.667857142857144,47.82678571428572,-0.15892857142857508
HK.01810,XIAOMI-W,47.3,47.4,47.5,47.3,0.0,0.0,4076400,193292054.6,0.21141649048626093,47.3,0,47.092625,1.0,47.63214285714286,47.808928571428574,-0.17678571428571388
HK.01810,XIAOMI-W,47.45,47.35,47.75,47.35,0.0,0.0,7050400,335323809.6,-0.10548523206750456,47.4,0,47.135493749999995,1.0,47.621428571428574,47.778571428571425,-0.15714285714285126
HK.01810,XIAOMI-W,47.4,47.4,47.45,47.3,0.0,0.0,5191400,245849022.8,0.10559662090812492,47.35,0,47.176219062499996,1.0,47.603571428571435,47.775,-0.17142857142856371
HK.01810,XIAOMI-W,47.45,47.4,47.55,47.3,0.0,0.0,4647200,220423047.4,0.0,47.4,0,47.214908109374996,1.0,47.55714285714286,47.74285714285714,-0.18571428571428328
HK.01810,XIAOMI-W,47.4,47.3,47.55,47.3,0.0,0.0,5657800,268192148.8,-0.21097046413502413,47.4,0,47.25166270390625,1.0,47.503571428571426,47.71071428571428,-0.20714285714285552
HK.01810,XIAOMI-W,47.3,47.25,47.45,47.2,0.0,0.0,7028800,332454268.4,-0.10570824524312296,47.3,-1,47.95,-1.0,47.45357142857142,47.67142857142857,-0.21785714285714874
HK.01810,XIAOMI-W,47.3,47.45,47.45,47.2,0.0,0.0,16160000,765701790.0,0.4232804232804293,47.25,0,47.917500000000004,-1.0,47.425000000000004,47.646428571428565,-0.22142857142856087
HK.01810,XIAOMI-W,47.25,47.7,48.2,46.8,0.0,0.0,31876600,1513728244.8,0.5268703898840885,47.45,0,47.886625,-1.0,47.41428571428572,47.63392857142857,-0.21964285714285126
HK.01810,XIAOMI-W,47.65,48.1,48.3,47.5,0.0,0.0,16005600,767655705.6,0.8385744234800808,47.7,0,48.2,-1.0,47.449999999999996,47.63928571428572,-0.18928571428572383
HK.01810,XIAOMI-W,48.1,48.9,49.0,48.1,0.0,0.0,33970000,1654646459.0,1.6632016632016573,48.1,0,48.3,-1.0,47.550000000000004,47.67321428571428,-0.12321428571427617
HK.01810,XIAOMI-W,48.95,49.9,50.0,48.9,0.0,0.0,46260000,2295616833.6,2.044989775051125,48.9,1,47.25,1.0,47.728571428571435,47.74285714285715,-0.014285714285712459
HK.01810,XIAOMI-W,49.85,49.7,49.95,49.6,0.0,0.0,15238200,758715232.4,-0.4008016032064043,49.9,0,47.335,1.0,47.892857142857146,47.814285714285724,0.07857142857142208
HK.01810,XIAOMI-W,49.7,49.3,49.9,49.2,0.0,0.0,15728000,780550303.0,-0.8048289738430697,49.7,0,47.5965,1.0,48.03214285714286,47.871428571428574,0.1607142857142847
HK.01810,XIAOMI-W,49.35,49.7,49.7,49.3,0.0,0.0,9574800,474160441.8,0.81135902636918,49.3,0,47.83185,1.0,48.20357142857142,47.935714285714276,0.2678571428571459
HK.01810,XIAOMI-W,49.7,49.7,49.75,49.45,0.0,0.0,9190400,456038048.6,0.0,49.7,0,48.043665000000004,1.0,48.36785714285714,48.0,0.3678571428571402
HK.01810,XIAOMI-W,49.7,49.65,49.75,49.4,0.0,0.0,10004800,495829701.2,-0.10060362173039086,49.7,0,48.2342985,1.0,48.53214285714285,48.07678571428572,0.4553571428571317
HK.01810,XIAOMI-W,49.65,49.8,49.95,49.55,0.0,0.0,17871600,890087086.6,0.3021148036253748,49.65,0,48.40586865,1.0,48.70357142857143,48.153571428571425,0.5500000000000043
HK.01810,XIAOMI-W,49.85,49.95,49.95,49.7,0.0,0.0,33052400,1648638375.6,0.30120481927711984,49.8,0,48.560281785,1.0,48.885714285714286,48.221428571428575,0.664285714285711
HK.01810,XIAOMI-W,50.5,51.95,51.95,50.0,0.0,0.0,33287000,1699704769.0,4.004004004004004,49.95,0,48.6992536065,1.0,49.21785714285715,48.36071428571429,0.8571428571428612
HK.01810,XIAOMI-W,51.9,52.0,52.2,51.7,0.0,0.0,15687400,815217105.4,0.096246390760341,51.95,0,49.02432824585,1.0,49.557142857142864,48.50535714285714,1.051785714285721
HK.01810,XIAOMI-W,51.95,52.1,52.2,51.95,0.0,0.0,8669800,451642154.6,0.19230769230769504,52.0,0,49.316895421265,1.0,49.88928571428572,48.65714285714286,1.2321428571428612
HK.01810,XIAOMI-W,52.15,52.4,52.45,51.95,0.0,0.0,8364000,436242208.8,0.5758157389635262,52.1,0,49.580205879138504,1.0,50.225,48.81964285714286,1.4053571428571416
HK.01810,XIAOMI-W,52.45,52.7,52.85,52.4,0.0,0.0,9994200,526306507.6,0.5725190839694738,52.4,0,49.86718529122465,1.0,50.55357142857143,49.001785714285724,1.5517857142857068
HK.01810,XIAOMI-W,52.7,52.55,52.85,52.5,0.0,0.0,10219800,538184412.6,-0.2846299810246787,52.7,0,50.125466762102185,1.0,50.81428571428571,49.182142857142864,1.6321428571428456
HK.01810,XIAOMI-W,52.55,52.7,52.85,52.55,0.0,0.0,6425000,338802828.6,0.2854424357754628,52.55,0,50.39792008589197,1.0,51.01428571428572,49.371428571428574,1.642857142857146
HK.01810,XIAOMI-W,52.7,52.85,52.85,52.4,0.0,0.0,6426600,338201802.6,0.28462998102466525,52.7,0,50.64312807730277,1.0,51.23928571428571,49.566071428571426,1.6732142857142804
HK.01810,XIAOMI-W,52.85,52.95,53.1,52.7,0.0,0.0,11157200,590471675.0,0.1892147587511853,52.85,0,50.86381526957249,1.0,51.5,49.76607142857143,1.7339285714285708
HK.01810,XIAOMI-W,52.95,53.0,53.1,52.8,0.0,0.0,8002600,423785183.4,0.09442870632671795,52.95,0,51.06243374261524,1.0,51.73571428571428,49.96964285714286,1.766071428571422
HK.01810,XIAOMI-W,53.0,53.1,53.1,52.9,0.0,0.0,22109000,1172243518.4,0.18867924528302155,53.0,0,51.26619036835372,1.0,51.978571428571435,50.17321428571428,1.8053571428571544
HK.01810,XIAOMI-W,53.1,52.2,53.15,51.6,0.0,0.0,62199400,3248770990.0,-1.6949152542372854,53.1,0,51.44957133151835,1.0,52.160714285714285,50.346428571428575,1.8142857142857096
HK.01810,XIAOMI-W,52.2,51.8,52.4,51.75,0.0,0.0,20563600,1070023265.0,-0.7662835249042255,52.2,0,51.6,1.0,52.30357142857143,50.503571428571426,1.8000000000000043
HK.01810,XIAOMI-W,51.8,51.6,52.0,51.4,0.0,0.0,18962600,980185024.8,-0.3861003861003779,51.8,0,51.6,1.0,52.42142857142858,50.65357142857143,1.767857142857146
HK.01810,XIAOMI-W,51.55,51.8,51.8,51.5,0.0,0.0,8777200,453174583.6,0.3875968992247979,51.6,0,51.4,1.0,52.410714285714285,50.814285714285724,1.5964285714285609
HK.01810,XIAOMI-W,51.75,51.8,52.0,51.7,0.0,0.0,6085400,315556620.6,0.0,51.8,0,51.4,1.0,52.396428571428565,50.97678571428572,1.419642857142847
HK.01810,XIAOMI-W,51.8,51.95,52.2,51.6,0.0,0.0,10758600,558488613.0,0.2895752895753006,51.8,0,51.5,1.0,52.385714285714286,51.1375,1.2482142857142833
HK.01810,XIAOMI-W,51.95,51.85,52.15,51.75,0.0,0.0,8132800,422408171.4,-0.19249278152069568,51.95,0,51.6,1.0,52.346428571428575,51.285714285714285,1.0607142857142904
HK.01810,XIAOMI-W,51.8,51.7,51.9,51.65,0.0,0.0,6807800,352442913.2,-0.28929604628736466,51.85,0,51.6,1.0,52.27499999999999,51.41428571428572,0.8607142857142733
HK.01810,XIAOMI-W,51.7,51.7,51.9,51.65,0.0,0.0,11817800,611419717.8,0.0,51.7,-1,53.1,-1.0,52.214285714285715,51.51428571428572,0.6999999999999957
HK.01810,XIAOMI-W,51.7,51.75,51.9,51.7,0.0,0.0,7002400,362485534.6,0.09671179883945291,51.7,0,53.03,-1.0,52.146428571428565,51.580357142857146,0.5660714285714192
HK.01810,XIAOMI-W,51.75,51.55,51.85,51.5,0.0,0.0,26456800,1365796114.4,-0.3864734299516963,51.75,0,52.9635,-1.0,52.05357142857143,51.64642857142858,0.40714285714285126
HK.01810,XIAOMI-W,52.6,51.9,53.5,51.5,0.0,0.0,55966200,2920420704.0,0.6789524733268699,51.55,0,52.900325,-1.0,51.978571428571435,51.739285714285714,0.23928571428572099
HK.01810,XIAOMI-W,51.95,51.65,52.05,51.5,0.0,0.0,16091200,832285314.4,-0.48169556840077077,51.9,0,53.5,-1.0,51.88214285714286,51.80892857142857,0.07321428571429323
HK.01810,XIAOMI-W,51.65,50.8,51.65,50.5,0.0,0.0,38995800,1986037229.0,-1.6456921587608933,51.65,0,53.5,-1.0,51.71785714285714,51.848214285714285,-0.13035714285714306
HK.01810,XIAOMI-W,50.85,50.4,50.85,50.05,0.0,0.0,26251200,1322504169.8,-0.7874015748031469,50.8,0,53.315,-1.0,51.589285714285715,51.875,-0.2857142857142847
HK.01810,XIAOMI-W,50.35,50.2,50.5,50.05,0.0,0.0,11177600,561169399.0,-0.39682539682538837,50.4,0,53.0685,-1.0,51.475,51.88928571428572,-0.41428571428571814
HK.01810,XIAOMI-W,50.2,50.85,50.9,50.15,0.0,0.0,11924800,602825625.6,1.2948207171314712,50.2,0,52.79665,-1.0,51.42142857142857,51.92142857142857,-0.5
HK.01810,XIAOMI-W,50.85,50.4,51.2,50.4,0.0,0.0,15465200,786441510.8,-0.884955752212395,50.85,0,52.536985,-1.0,51.32142857142857,51.86607142857143,-0.5446428571428612
HK.01810,XIAOMI-W,50.4,50.35,50.5,50.15,0.0,0.0,9785400,492219978.4,-0.09920634920634357,50.4,0,52.3032865,-1.0,51.21785714285715,51.80714285714286,-0.5892857142857082
HK.01810,XIAOMI-W,50.35,50.4,50.55,50.3,0.0,0.0,9483000,478100528.0,0.09930486593842534,50.35,0,52.09295785,-1.0,51.107142857142854,51.746428571428574,-0.6392857142857196
HK.01810,XIAOMI-W,50.45,50.4,50.55,50.2,0.0,0.0,8416800,423777763.0,0.0,50.4,0,51.903662065,-1.0,51.003571428571426,51.675,-0.6714285714285708
HK.01810,XIAOMI-W,50.35,50.1,50.4,50.05,0.0,0.0,32469200,1628218324.4,-0.5952380952380897,50.4,0,51.7332958585,-1.0,50.88928571428572,51.582142857142856,-0.692857142857136
HK.01810,XIAOMI-W,49.8,50.5,50.5,49.65,0.0,0.0,35151200,1759301504.6,0.7984031936127716,50.1,0,51.57996627265,-1.0,50.80357142857143,51.50892857142857,-0.7053571428571388
HK.01810,XIAOMI-W,50.5,50.85,50.95,50.35,0.0,0.0,15598400,789923640.4,0.6930693069306959,50.5,0,51.401969645384995,-1.0,50.739285714285714,51.442857142857136,-0.7035714285714221
HK.01810,XIAOMI-W,50.8,51.25,51.3,50.7,0.0,0.0,15471000,787970334.8,0.7866273352998988,50.85,0,51.241772680846495,-1.0,50.71785714285715,51.385714285714286,-0.6678571428571374
HK.01810,XIAOMI-W,51.25,51.3,51.55,51.15,0.0,0.0,14860800,763054076.8,0.09756097560975056,51.25,1,49.8,1.0,50.675,51.32678571428571,-0.6517857142857153
HK.01810,XIAOMI-W,51.3,51.7,51.9,51.3,0.0,0.0,12653200,653715551.0,0.7797270955165804,51.3,0,49.872499999999995,1.0,50.67857142857143,51.28035714285714,-0.601785714285711
HK.01810,XIAOMI-W,51.7,50.95,51.75,50.95,0.0,0.0,13688800,702120156.6,-1.4506769825918762,51.7,0,50.07525,1.0,50.68928571428571,51.20357142857143,-0.5142857142857196
HK.01810,XIAOMI-W,50.95,51.1,51.1,50.85,0.0,0.0,8662200,441614755.6,0.2944062806673181,50.95,0,50.25772499999999,1.0,50.739285714285714,51.16428571428571,-0.42499999999999716
HK.01810,XIAOMI-W,51.05,50.95,51.15,50.9,0.0,0.0,5744800,293160835.4,-0.2935420743639894,51.1,0,50.421952499999996,1.0,50.792857142857144,51.13392857142857,-0.3410714285714249
HK.01810,XIAOMI-W,50.95,50.7,50.95,50.6,0.0,0.0,7779400,394897635.2,-0.4906771344455348,50.95,0,50.569757249999995,1.0,50.78214285714286,51.10178571428571,-0.3196428571428527
HK.01810,XIAOMI-W,50.75,50.8,50.85,50.5,0.0,0.0,7499200,379880856.2,0.19723865877710908,50.7,0,50.6,1.0,50.81071428571429,51.066071428571426,-0.25535714285713595
HK.01810,XIAOMI-W,50.8,50.8,50.9,50.6,0.0,0.0,14820000,752146112.0,0.0,50.8,0,50.5,1.0,50.84285714285714,51.03035714285714,-0.1875
HK.01810,XIAOMI-W,51.1,51.05,51.2,50.25,0.0,0.0,18994600,964970720.0,0.4921259842519685,50.8,0,50.5,1.0,50.88928571428572,50.99821428571429,-0.10892857142857082
HK.01810,XIAOMI-W,51.05,51.1,51.45,50.9,0.0,0.0,13956800,714420437.6,0.09794319294809846,51.05,0,50.25,1.0,50.93928571428571,50.971428571428575,-0.032142857142865466
HK.01810,XIAOMI-W,51.1,50.75,51.15,50.5,0.0,0.0,11299200,574580279.2,-0.6849315068493178,51.1,0,50.25,1.0,50.98571428571428,50.9375,0.048214285714280436
HK.01810,XIAOMI-W,50.7,50.65,50.75,50.5,0.0,0.0,5295400,268072645.6,-0.19704433497537227,50.75,0,50.415,1.0,50.996428571428574,50.9,0.09642857142857508
HK.01810,XIAOMI-W,50.65,50.9,50.95,50.6,0.0,0.0,2718200,138161923.0,0.4935834155972359,50.65,0,50.5,1.0,51.0,50.86964285714286,0.13035714285714306
HK.01810,XIAOMI-W,50.9,50.95,50.95,50.6,0.0,0.0,4469000,226843921.6,0.09823182711199267,50.9,0,50.5,1.0,50.97857142857142,50.848214285714285,0.13035714285713595
HK.01810,XIAOMI-W,50.9,51.35,51.35,50.9,0.0,0.0,13811800,705711156.2,0.785083415112853,50.95,0,50.6,1.0,50.982142857142854,50.82857142857142,0.15357142857143202
HK.01810,XIAOMI-W,51.35,51.05,51.35,51.0,0.0,0.0,5762200,294937639.6,-0.5842259006816052,51.35,0,50.6,1.0,50.93571428571429,50.807142857142864,0.12857142857142634
HK.01810,XIAOMI-W,51.05,50.9,51.2,50.8,0.0,0.0,4914400,250402833.6,-0.2938295788442675,51.05,0,50.730000000000004,1.0,50.932142857142864,50.81071428571429,0.12142857142857366
HK.01810,XIAOMI-W,50.85,51.05,51.05,50.8,0.0,0.0,3317400,169097980.6,0.2946954813359501,50.9,-1,51.9,-1.0,50.92857142857143,50.833928571428565,0.09464285714286547
HK.01810,XIAOMI-W,51.0,51.35,51.35,51.0,0.0,0.0,15148600,776539681.0,0.587659157688549,51.05,0,51.8475,-1.0,50.957142857142856,50.875,0.08214285714285552
HK.01810,XIAOMI-W,51.45,49.95,51.45,48.4,0.0,0.0,106071200,5290243901.8,-2.726387536514116,51.35,0,51.797625,-1.0,50.90357142857143,50.84285714285715,0.06071428571428328
HK.01810,XIAOMI-W,50.0,49.9,50.3,49.55,0.0,0.0,28285000,1413228347.2,-0.10010010010010863,49.95,0,51.750243749999996,-1.0,50.839285714285715,50.824999999999996,0.014285714285719564
HK.01810,XIAOMI-W,49.9,49.65,49.95,49.5,0.0,0.0,11802200,586703654.0,-0.501002004008016,49.9,0,51.575219374999996,-1.0,50.75714285714286,50.800000000000004,-0.04285714285714448
HK.01810,XIAOMI-W,49.7,49.4,49.7,49.05,0.0,0.0,22491000,1108196814.8,-0.5035246727089627,49.65,0,51.4076974375,-1.0,50.63928571428571,50.76428571428571,-0.125
HK.01810,XIAOMI-W,49.35,49.6,49.65,49.1,0.0,0.0,10663600,526262759.4,0.4048582995951474,49.4,0,51.23692769375,-1.0,50.53214285714286,50.73571428571429,-0.20357142857142918
HK.01810,XIAOMI-W,49.6,49.65,49.75,49.3,0.0,0.0,14094200,698392538.4,0.1008064516128975,49.6,0,51.048234924374995,-1.0,50.45357142857143,50.71964285714285,-0.2660714285714221
HK.01810,XIAOMI-W,49.7,49.4,49.7,49.3,0.0,0.0,11325200,560065051.8,-0.5035246727089627,49.65,0,50.878411431937494,-1.0,50.36428571428571,50.68035714285714,-0.31607142857143344
HK.01810,XIAOMI-W,49.45,49.6,49.65,49.35,0.0,0.0,12556200,621379702.4,0.4048582995951474,49.4,0,50.72557028874375,-1.0,50.271428571428565,50.635714285714286,-0.364285714285721
HK.01810,XIAOMI-W,49.65,49.55,49.7,49.25,0.0,0.0,13419400,663276146.6,-0.10080645161291181,49.6,0,50.58801325986937,-1.0,50.17142857142858,50.575,-0.4035714285714249
HK.01810,XIAOMI-W,49.55,50.8,51.4,49.5,0.0,0.0,85102400,4301648196.4,2.5227043390514634,49.55,0,50.46421193388243,-1.0,50.13214285714286,50.557142857142864,-0.42500000000000426
HK.01810,XIAOMI-W,50.8,50.6,50.95,50.5,0.0,0.0,40450600,2050403732.8,-0.39370078740156644,50.8,0,51.4,-1.0,50.1,50.517857142857146,-0.4178571428571445
HK.01810,XIAOMI-W,50.8,49.05,50.8,49.05,0.0,0.0,50868400,2531415472.4,-3.063241106719376,50.6,0,51.4,-1.0,49.96785714285714,50.449999999999996,-0.4821428571428541
HK.01810,XIAOMI-W,49.1,49.1,49.4,48.7,0.0,0.0,34172200,1675519286.0,0.10193679918451432,49.05,0,51.195,-1.0,49.82857142857143,50.37857142857143,-0.5500000000000043
HK.01810,XIAOMI-W,49.1,48.85,49.15,48.75,0.0,0.0,15393400,752960528.6,-0.5091649694501018,49.1,0,50.9855,-1.0,49.65,50.30357142857143,-0.653571428571432
HK.01810,XIAOMI-W,48.9,48.55,49.05,48.55,0.0,0.0,17299200,844448315.6,-0.614124872057327,48.85,0,50.79695,-1.0,49.55,50.22678571428571,-0.6767857142857139
HK.01810,XIAOMI-W,48.6,48.45,48.75,48.2,0.0,0.0,22523400,1091275189.4,-0.20597322348093577,48.55,0,50.607255,-1.0,49.44642857142857,50.142857142857146,-0.6964285714285765
HK.01810,XIAOMI-W,48.45,48.75,49.0,48.35,0.0,0.0,11155200,543469324.8,0.6191950464396226,48.45,0,50.406529500000005,-1.0,49.38214285714286,50.06964285714286,-0.6875
HK.01810,XIAOMI-W,48.75,49.2,49.2,48.6,0.0,0.0,8933800,436929432.8,0.9230769230769289,48.75,0,50.21087655,-1.0,49.36785714285714,50.003571428571426,-0.6357142857142861
HK.01810,XIAOMI-W,49.2,49.0,49.2,48.7,0.0,0.0,12183800,596516466.0,-0.40650406504065617,49.2,0,50.034788895000005,-1.0,49.324999999999996,49.92857142857143,-0.6035714285714349
HK.01810,XIAOMI-W,49.05,48.75,49.05,48.7,0.0,0.0,9013000,440242712.6,-0.5102040816326531,49.0,0,49.8763100055,-1.0,49.260714285714286,49.857142857142854,-0.596428571428568
HK.01810,XIAOMI-W,48.7,48.55,48.75,48.5,0.0,0.0,11277000,548053891.6,-0.41025641025641607,48.75,0,49.733679004950005,-1.0,49.2,49.78214285714285,-0.5821428571428484
HK.01810,XIAOMI-W,48.55,48.65,48.7,48.45,0.0,0.0,27686200,1344575450.4,0.20597322348095043,48.55,0,49.605311104455005,-1.0,49.13214285714286,49.70178571428572,-0.5696428571428598
HK.01810,XIAOMI-W,49.15,49.85,49.9,48.65,0.0,0.0,39801000,1961746283.8,2.4665981500513934,48.65,0,49.4897799940095,-1.0,49.153571428571425,49.6625,-0.5089285714285765
HK.01810,XIAOMI-W,49.85,49.85,50.45,49.7,0.0,0.0,29024800,1452708280.0,0.0,49.85,1,48.45,1.0,49.08571428571429,49.60892857142858,-0.523214285714289
HK.01810,XIAOMI-W,49.85,49.65,49.85,49.3,0.0,0.0,12182200,603952338.8,-0.4012036108325032,49.85,0,48.52,1.0,49.017857142857146,49.55892857142857,-0.5410714285714207
HK.01810,XIAOMI-W,49.7,49.6,49.85,49.35,0.0,0.0,7643400,379000326.6,-0.10070493454178682,49.65,0,48.5865,1.0,49.057142857142864,49.5125,-0.4553571428571388
HK.01810,XIAOMI-W,49.6,49.95,50.0,49.55,0.0,0.0,6484200,323136927.6,0.7056451612903254,49.6,0,48.649675,1.0,49.11785714285714,49.473214285714285,-0.3553571428571445
HK.01810,XIAOMI-W,49.95,49.95,50.1,49.7,0.0,0.0,14421800,720433665.2,0.0,49.95,0,48.70969125,1.0,49.19642857142857,49.42321428571428,-0.22678571428571104
HK.01810,XIAOMI-W,50.0,50.0,50.3,49.9,0.0,0.0,14938200,748829920.0,0.1001001001000944,49.95,0,48.848722125,1.0,49.300000000000004,49.425,-0.1249999999999929
HK.01810,XIAOMI-W,50.0,49.9,50.0,49.85,0.0,0.0,6078800,303473568.8,-0.20000000000000281,50.0,0,48.9738499125,1.0,49.403571428571425,49.425000000000004,-0.021428571428579346
HK.01810,XIAOMI-W,49.9,50.2,50.2,49.9,0.0,0.0,8080000,404502076.0,0.6012024048096278,49.9,0,49.08646492125,1.0,49.50714285714286,49.44464285714286,0.0625
HK.01810,XIAOMI-W,50.15,50.05,50.3,50.05,0.0,0.0,9151200,459382337.2,-0.29880478087650536,50.2,0,49.187818429125,1.0,49.56785714285714,49.46785714285715,0.09999999999999432
HK.01810,XIAOMI-W,50.05,50.4,50.4,50.0,0.0,0.0,24723200,1243234673.0,0.6993006993007022,50.05,0,49.2990365862125,1.0,49.667857142857144,49.49642857142857,0.17142857142857792
HK.01810,XIAOMI-W,50.4,50.6,50.9,49.7,0.0,0.0,30573400,1536596816.0,0.39682539682540247,50.4,0,49.39913292759125,1.0,49.800000000000004,49.53035714285715,0.2696428571428555
HK.01810,XIAOMI-W,50.6,51.55,51.9,50.55,0.0,0.0,38665200,1985913420.0,1.877470355731217,50.6,0,49.54921963483213,1.0,50.01428571428571,49.607142857142854,0.40714285714285836
HK.01810,XIAOMI-W,51.55,51.25,51.75,51.1,0.0,0.0,14970400,770624560.0,-0.5819592628515948,51.55,0,49.684297671348915,1.0,50.199999999999996,49.666071428571435,0.5339285714285609
HK.01810,XIAOMI-W,51.25,51.15,51.3,50.8,0.0,0.0,9795000,499719039.2,-0.19512195121951498,51.25,0,49.890867904214026,1.0,50.292857142857144,49.723214285714285,0.5696428571428598
HK.01810,XIAOMI-W,51.1,50.9,51.2,50.85,0.0,0.0,3233400,164873602.4,-0.4887585532746823,51.15,0,50.07678111379262,1.0,50.36785714285714,49.72678571428571,0.6410714285714292
HK.01810,XIAOMI-W,50.9,50.65,51.0,50.3,0.0,0.0,11243200,568471227.2,-0.4911591355599214,50.9,0,50.24410300241336,1.0,50.43928571428571,49.728571428571435,0.7107142857142748
HK.01810,XIAOMI-W,50.65,50.25,50.65,50.2,0.0,0.0,7114000,358740682.0,-0.7897334649555746,50.65,0,50.3,1.0,50.48571428571428,49.77142857142858,0.7142857142857011
HK.01810,XIAOMI-W,50.2,50.35,50.55,50.05,0.0,0.0,6320800,317790374.0,0.19900497512438092,50.25,-1,51.75,-1.0,50.51428571428572,49.816071428571426,0.6982142857142932
HK.01810,XIAOMI-W,50.35,50.1,50.4,50.1,0.0,0.0,4184800,210237192.0,-0.49652432969215493,50.35,0,51.6725,-1.0,50.525,49.86071428571429,0.664285714285711
HK.01810,XIAOMI-W,50.1,49.8,50.3,49.8,0.0,0.0,10913000,545721121.8,-0.5988023952095893,50.1,0,51.598875,-1.0,50.510714285714286,49.90535714285715,0.6053571428571374
HK.01810,XIAOMI-W,49.8,50.15,50.15,49.8,0.0,0.0,17989600,900566061.6,0.7028112449799226,49.8,0,51.4489875,-1.0,50.528571428571425,49.966071428571425,0.5625
HK.01810,XIAOMI-W,50.0,50.25,51.3,49.8,0.0,0.0,37270600,1886733561.4,0.1994017946161544,50.15,0,51.28408875,-1.0,50.53214285714285,50.019642857142856,0.5124999999999957
HK.01810,XIAOMI-W,50.25,50.45,51.0,50.25,0.0,0.0,10641600,538783512.8,0.39800995024876185,50.25,0,51.3,-1.0,50.56071428571429,50.06428571428571,0.49642857142858077
HK.01810,XIAOMI-W,50.45,50.4,50.6,50.3,0.0,0.0,5112800,258028759.0,-0.09910802775025622,50.45,0,51.3,-1.0,50.56071428571429,50.114285714285714,0.4464285714285765
HK.01810,XIAOMI-W,50.4,50.95,51.1,50.4,0.0,0.0,9303600,472838542.4,1.0912698412698496,50.4,0,51.15,-1.0,50.58571428571429,50.19285714285714,0.3928571428571459
HK.01810,XIAOMI-W,50.95,50.85,51.1,50.8,0.0,0.0,5037400,256628957.2,-0.1962708537782167,50.95,0,51.1,-1.0,50.535714285714285,50.275,0.2607142857142861
HK.01810,XIAOMI-W,50.85,51.15,51.25,50.8,0.0,0.0,11226600,573562643.0,0.5899705014749206,50.85,0,51.1,-1.0,50.52857142857143,50.364285714285714,0.16428571428571814
HK.01810,XIAOMI-W,51.15,50.85,51.2,50.8,0.0,0.0,5883600,300014027.6,-0.5865102639296133,51.15,1,49.8,1.0,50.50714285714285,50.4,0.1071428571428541
HK.01810,XIAOMI-W,50.85,51.05,51.15,50.7,0.0,0.0,6069400,309431367.0,0.39331366764994247,50.85,0,49.8675,1.0,50.517857142857146,50.442857142857136,0.07500000000000995
HK.01810,XIAOMI-W,51.05,51.05,51.15,51.0,0.0,0.0,6081400,310710447.0,0.0,51.05,0,49.931625,1.0,50.54642857142857,50.49285714285714,0.0535714285714306
HK.01810,XIAOMI-W,51.05,51.05,51.15,51.0,0.0,0.0,6031800,308102159.6,0.0,51.05,0,49.992543749999996,1.0,50.603571428571435,50.544642857142854,0.05892857142858077
HK.01810,XIAOMI-W,51.05,51.0,51.1,50.9,0.0,0.0,18233600,930008259.2,-0.09794319294808454,51.05,0,50.0504165625,1.0,50.64999999999999,50.58214285714286,0.06785714285712885
HK.01810,XIAOMI-W,50.3,49.35,50.4,49.0,0.0,0.0,49973400,2472284475.2,-3.235294117647056,51.0,0,50.105395734374994,1.0,50.59642857142857,50.56071428571429,0.035714285714277594
HK.01810,XIAOMI-W,49.3,50.15,50.2,49.15,0.0,0.0,21054800,1047234717.0,1.6210739614994876,49.35,0,49.0,1.0,50.621428571428574,50.566071428571426,0.05535714285714732
HK.01810,XIAOMI-W,50.15,50.65,50.75,50.05,0.0,0.0,13457800,677655401.2,0.9970089730807578,50.15,0,49.0,1.0,50.65714285714286,50.59285714285714,0.06428571428571672
HK.01810,XIAOMI-W,50.7,51.35,51.85,50.65,0.0,0.0,29216000,1498855788.0,1.3820335636722663,50.65,0,49.1075,1.0,50.73571428571428,50.63392857142857,0.10178571428571104
HK.01810,XIAOMI-W,51.35,51.5,51.5,51.1,0.0,0.0,8486200,435436511.4,0.29211295034079565,51.35,0,49.209625,1.0,50.810714285714276,50.685714285714276,0.125
HK.01810,XIAOMI-W,51.5,51.9,52.3,51.3,0.0,0.0,30676600,1594359919.8,0.7766990291262109,51.5,0,49.4386625,1.0,50.917857142857144,50.739285714285714,0.1785714285714306
HK.01810,XIAOMI-W,51.9,51.95,52.1,51.8,0.0,0.0,9334200,484988284.2,0.09633911368016236,51.9,0,49.64479625,1.0,50.98928571428571,50.7875,0.20178571428570535
HK.01810,XIAOMI-W,51.95,52.0,52.2,51.85,0.0,0.0,11870000,617855946.4,0.096246390760341,51.95,0,49.890316625,1.0,51.07142857142857,50.80357142857143,0.2678571428571388
HK.01810,XIAOMI-W,51.95,52.0,52.0,51.85,0.0,0.0,7240800,376080311.4,0.0,52.0,0,50.111284962499994,1.0,51.13214285714285,50.830357142857146,0.3017857142857068
HK.01810,XIAOMI-W,51.95,52.1,52.25,51.9,0.0,0.0,12273200,639137605.0,0.19230769230769504,52.0,0,50.31015646624999,1.0,51.221428571428575,50.86428571428571,0.3571428571428683
HK.01810,XIAOMI-W,52.15,52.35,52.45,52.1,0.0,0.0,23937600,1251767413.0,0.47984644913627633,52.1,0,50.48914081962499,1.0,51.31428571428571,50.916071428571435,0.39821428571427475
HK.01810,XIAOMI-W,53.0,54.1,54.25,52.8,0.0,0.0,70030200,3761453362.2,3.3428844317096464,52.35,0,50.6852267376625,1.0,51.53214285714286,51.03928571428571,0.4928571428571473
HK.01810,XIAOMI-W,54.1,54.25,54.6,54.0,0.0,0.0,36323400,1974232736.4,0.2772643253234724,54.1,0,51.04170406389625,1.0,51.76071428571429,51.18214285714286,0.5785714285714363
HK.01810,XIAOMI-W,54.2,54.1,54.3,53.7,0.0,0.0,15048800,812769276.0,-0.276497695852532,54.25,0,51.362533657506624,1.0,51.98214285714287,51.31607142857143,0.6660714285714349
HK.01810,XIAOMI-W,54.1,54.3,54.3,53.95,0.0,0.0,7907800,427758779.6,0.3696857670979588,54.1,0,51.65128029175596,1.0,52.33571428571429,51.466071428571425,0.869642857142864
HK.01810,XIAOMI-W,54.3,54.4,54.4,54.1,0.0,0.0,6161000,334249449.8,0.18416206261510393,54.3,0,51.911152262580366,1.0,52.63928571428571,51.630357142857136,1.0089285714285765
HK.01810,XIAOMI-W,54.35,54.5,54.8,54.3,0.0,0.0,26241000,1432556962.0,0.18382352941176733,54.4,0,52.16003703632233,1.0,52.91428571428571,51.785714285714285,1.1285714285714263
HK.01810,XIAOMI-W,54.5,54.4,54.6,54.3,0.0,0.0,7915400,430779912.8,-0.1834862385321127,54.5,0,52.384033332690095,1.0,53.13214285714286,51.933928571428574,1.1982142857142861
HK.01810,XIAOMI-W,54.45,54.45,54.6,54.3,0.0,0.0,7950200,432996957.4,0.09191176470589019,54.4,0,52.60562999942108,1.0,53.34285714285714,52.07678571428572,1.266071428571422
HK.01810,XIAOMI-W,54.5,54.45,54.5,54.35,0.0,0.0,7145400,388882770.8,0.0,54.45,0,52.805066999478974,1.0,53.525,52.221428571428575,1.3035714285714235
HK.01810,XIAOMI-W,54.5,54.75,54.8,54.4,0.0,0.0,15906000,869123965.4,0.5509641873278184,54.45,0,52.984560299531076,1.0,53.72500000000001,52.357142857142854,1.3678571428571544
HK.01810,XIAOMI-W,54.7,54.8,54.8,54.6,0.0,0.0,26332000,1441269403.4,0.09132420091323681,54.75,0,53.14610426957797,1.0,53.925000000000004,52.49821428571429,1.4267857142857139
